DB,Table,Reference Count
Xoops (legacy _),_hdesigner,24
Xoops (legacy _),_hcase,22
Xoops (legacy _),_hoplog,20
Xoops (legacy _),_hcolumn,16
Xoops (new),builder_product,12
Xoops (legacy _),_hvideo,11
Xoops (legacy _),_hproduct,9
Xoops (legacy _),_users,8
Xoops (new),builder,8
Xoops (new),youtube_list,8
Xoops (new),admin,7
Xoops (new),agent_form,7
Xoops (new),deco_request,7
Xoops (legacy _),_had,6
Xoops (new),youtube_group,6
Xoops (legacy _),_hawards,5
Xoops (legacy _),_hcontest,5
Xoops (legacy _),_hprize,5
Xoops (legacy _),_hproduct_img,5
Xoops (legacy _),_hpublish,5
Xoops (legacy _),_htopic,5
Xoops (legacy _),_htopic2,5
Xoops (new),execute_form,5
Xoops (new),prog_video,5
Xoops (legacy _),_hbrand,4
Xoops (legacy _),_hprog_chan,4
Xoops (new),agent_files,4
Xoops (new),deco_record,4
HHHBackstage,HHHBackstage.acl_menu_group,4
Xoops (new),homepage_set,4
Xoops (new),youtube_group_detail,4
Xoops (legacy _),_hcase_img,3
Xoops (new),deco_request_files,3
Xoops (new),forum_article,3
HHHBackstage,HHHBackstage.acl_menu_path,3
HHHBackstage,HHHBackstage.acl_users,3
Xoops (new),rss_linetoday,3
Xoops (new),rss_msn,3
Xoops (new),rss_yahoo,3
Xoops (new),site_setup,3
Xoops (new),callin_data,2
Xoops (new),deco_record_img,2
Xoops (new),decoration,2
Xoops (new),forum_article_reply,2
Xoops (new),precise,2
Xoops (new),prog_list,2
Xoops (new),rss_transfer,2
Xoops (new),search_history,2
Xoops (new),brief,1
Xoops (new),calculator,1
Xoops (new),calculator_request,1
Xoops (new),contact,1
Xoops (new),hhh_hp,1
HhhApi,HhhApi.rest_backend_logs,1
HHHBackstage,HHHBackstage.acl_projects,1
Xoops (new),outer_site_set,1
Xoops (new),renovation_reuqest,1
